"Data","Último","Abertura","Máxima","Mínima","Vol.","Var%"
"09.10.2024","3.232,13","3.256,99","3.259,60","3.228,51","","-0,76%"
"08.10.2024","3.256,99","3.275,80","3.280,13","3.256,07","","-0,57%"
"07.10.2024","3.275,80","3.276,30","3.280,76","3.271,73","","-0,02%"
"04.10.2024","3.276,30","3.271,60","3.277,30","3.271,47","","0,14%"
"03.10.2024","3.271,60","3.278,88","3.280,07","3.268,86","","-0,22%"
"02.10.2024","3.278,86","3.278,30","3.284,93","3.276,96","","0,02%"
"01.10.2024","3.278,30","3.305,98","3.309,66","3.276,81","","-0,84%"
"30.09.2024","3.305,97","3.309,14","3.315,26","3.305,08","","-0,10%"
"27.09.2024","3.309,13","3.294,21","3.311,82","3.294,21","","0,46%"
"26.09.2024","3.294,14","3.293,72","3.295,79","3.290,99","","0,01%"
"25.09.2024","3.293,73","3.303,53","3.307,08","3.291,26","","-0,30%"
"24.09.2024","3.303,53","3.311,97","3.314,72","3.300,46","","-0,25%"
"23.09.2024","3.311,97","3.333,57","3.333,74","3.309,43","","-0,65%"
"20.09.2024","3.333,57","3.340,62","3.345,39","3.332,42","","-0,21%"
"19.09.2024","3.340,62","3.350,15","3.352,02","3.339,08","","-0,28%"
"18.09.2024","3.350,15","3.353,66","3.357,45","3.347,84","","-0,10%"
"17.09.2024","3.353,66","3.360,75","3.363,42","3.351,54","","-0,21%"
"16.09.2024","3.360,72","3.364,30","3.367,55","3.358,85","","-0,11%"
"13.09.2024","3.364,30","3.358,49","3.368,01","3.358,49","","0,17%"
"12.09.2024","3.358,49","3.367,28","3.369,98","3.356,24","","-0,26%"
"11.09.2024","3.367,28","3.371,92","3.376,40","3.365,55","","-0,14%"
"10.09.2024","3.371,90","3.382,23","3.385,31","3.369,80","","-0,31%"
"09.09.2024","3.382,23","3.386,57","3.390,33","3.379,21","","-0,13%"
"06.09.2024","3.386,56","3.382,37","3.389,35","3.382,34","","0,12%"
"05.09.2024","3.382,37","3.385,35","3.388,44","3.380,84","","-0,09%"
"04.09.2024","3.385,35","3.383,74","3.388,44","3.382,82","","0,05%"
"03.09.2024","3.383,71","3.389,32","3.394,52","3.383,42","","-0,17%"
"02.09.2024","3.389,32","3.393,55","3.396,84","3.385,22","","-0,12%"
"30.08.2024","3.393,55","3.385,90","3.396,13","3.385,90","","0,23%"
"29.08.2024","3.385,87","3.381,70","3.387,12","3.381,70","","0,12%"
"28.08.2024","3.381,68","3.383,92","3.388,24","3.381,68","","-0,07%"
"27.08.2024","3.383,92","3.386,90","3.392,37","3.383,44","","-0,09%"
"26.08.2024","3.386,89","3.388,44","3.391,01","3.386,23","","-0,05%"
"23.08.2024","3.388,44","3.378,66","3.390,07","3.378,60","","0,29%"
"22.08.2024","3.378,64","3.381,83","3.384,64","3.376,17","","-0,09%"
"21.08.2024","3.381,82","3.382,51","3.386,33","3.379,67","","-0,02%"
"20.08.2024","3.382,52","3.382,03","3.387,88","3.380,35","","0,01%"
"19.08.2024","3.382,02","3.385,48","3.388,43","3.381,56","","-0,10%"
"16.08.2024","3.385,46","3.374,01","3.385,46","3.374,01","","0,34%"
"15.08.2024","3.374,02","3.363,11","3.374,99","3.363,05","","0,32%"
"14.08.2024","3.363,10","3.355,22","3.363,10","3.355,12","","0,24%"
"13.08.2024","3.355,20","3.352,28","3.358,63","3.352,28","","0,09%"
"12.08.2024","3.352,25","3.349,98","3.354,69","3.349,81","","0,07%"
"09.08.2024","3.349,97","3.345,07","3.352,30","3.345,07","","0,15%"
"08.08.2024","3.345,06","3.349,31","3.353,65","3.343,89","","-0,13%"
"07.08.2024","3.349,29","3.347,44","3.354,94","3.346,27","","0,06%"
"06.08.2024","3.347,44","3.352,64","3.360,93","3.345,22","","-0,16%"
"05.08.2024","3.352,64","3.368,95","3.368,95","3.336,77","","-0,48%"
"02.08.2024","3.368,97","3.365,60","3.373,72","3.365,60","","0,10%"
"01.08.2024","3.365,60","3.364,78","3.370,02","3.361,59","","0,02%"
"31.07.2024","3.364,78","3.358,40","3.367,95","3.358,40","","0,19%"
"30.07.2024","3.358,40","3.353,36","3.361,55","3.353,36","","0,15%"
"29.07.2024","3.353,38","3.375,83","3.380,45","3.353,38","","-0,67%"
"26.07.2024","3.375,85","3.375,00","3.382,02","3.374,71","","0,03%"
"25.07.2024","3.375,00","3.381,53","3.386,81","3.372,14","","-0,19%"
"24.07.2024","3.381,51","3.386,19","3.386,66","3.377,79","","-0,14%"
"23.07.2024","3.386,19","3.391,00","3.393,14","3.386,19","","-0,14%"
"22.07.2024","3.390,99","3.391,74","3.396,28","3.388,57","","-0,02%"
"19.07.2024","3.391,72","3.382,66","3.393,46","3.382,66","","0,27%"
"18.07.2024","3.382,64","3.388,16","3.390,96","3.382,64","","-0,16%"
"17.07.2024","3.388,10","3.382,99","3.388,46","3.382,99","","0,15%"
"16.07.2024","3.382,99","3.375,26","3.384,46","3.375,26","","0,23%"
"15.07.2024","3.375,26","3.370,07","3.376,45","3.370,07","","0,15%"
"12.07.2024","3.370,07","3.350,64","3.371,63","3.350,64","","0,58%"
"11.07.2024","3.350,64","3.349,04","3.357,26","3.348,99","","0,05%"
"10.07.2024","3.349,04","3.349,17","3.356,15","3.345,59","","0,00%"
"09.07.2024","3.349,16","3.347,35","3.351,27","3.344,60","","0,05%"
"08.07.2024","3.347,36","3.341,64","3.352,27","3.341,64","","0,17%"
"05.07.2024","3.341,64","3.323,70","3.343,22","3.323,70","","0,54%"
"04.07.2024","3.323,67","3.302,82","3.323,67","3.302,82","","0,63%"
"03.07.2024","3.302,82","3.305,51","3.309,23","3.300,80","","-0,08%"
"02.07.2024","3.305,51","3.318,82","3.321,13","3.303,03","","-0,40%"
"01.07.2024","3.318,84","3.347,36","3.349,80","3.318,07","","-0,85%"
"28.06.2024","3.347,33","3.328,13","3.348,55","3.328,13","","0,58%"
"27.06.2024","3.328,12","3.311,03","3.328,22","3.311,03","","0,52%"
"26.06.2024","3.311,05","3.301,24","3.313,16","3.301,24","","0,30%"
"25.06.2024","3.301,23","3.296,23","3.302,17","3.296,21","0,00K","0,15%"
"24.06.2024","3.296,23","3.299,42","3.305,06","3.294,68","0,00K","-0,10%"
"21.06.2024","3.299,38","3.301,54","3.309,66","3.298,48","","-0,06%"
"20.06.2024","3.301,49","3.300,20","3.306,61","3.296,86","0,00K","0,04%"
"19.06.2024","3.300,19","3.301,41","3.306,33","3.299,04","0,00K","-0,04%"
"18.06.2024","3.301,41","3.305,95","3.309,44","3.299,59","0,00K","-0,14%"
"17.06.2024","3.305,93","3.312,59","3.315,57","3.303,65","0,00K","-0,20%"
"14.06.2024","3.312,59","3.295,71","3.313,69","3.295,61","0,00K","0,51%"
"13.06.2024","3.295,71","3.320,44","3.322,02","3.295,23","0,00K","-0,74%"
"12.06.2024","3.320,42","3.334,99","3.339,29","3.318,34","0,00K","-0,44%"
"11.06.2024","3.334,98","3.345,24","3.349,55","3.333,45","0,00K","-0,31%"
"10.06.2024","3.345,21","3.358,85","3.360,02","3.344,91","0,00K","-0,41%"
"07.06.2024","3.358,85","3.358,90","3.361,27","3.355,63","","0,00%"
"06.06.2024","3.358,89","3.356,08","3.363,26","3.354,35","","0,08%"
"05.06.2024","3.356,08","3.364,02","3.368,54","3.354,10","","-0,24%"
"04.06.2024","3.364,04","3.371,58","3.374,44","3.363,08","","-0,22%"
"03.06.2024","3.371,58","3.382,34","3.385,03","3.370,57","","-0,32%"
"31.05.2024","3.382,34","3.371,10","3.383,82","3.370,83","","0,33%"
"29.05.2024","3.371,11","3.363,65","3.371,39","3.363,65","","0,22%"
"28.05.2024","3.363,68","3.374,83","3.376,23","3.361,61","","-0,33%"
"27.05.2024","3.374,83","3.379,05","3.381,02","3.372,91","","-0,12%"
"24.05.2024","3.379,01","3.374,75","3.382,25","3.374,75","","0,13%"
"23.05.2024","3.374,75","3.383,73","3.384,55","3.373,48","","-0,27%"
"22.05.2024","3.383,74","3.386,75","3.388,95","3.379,86","","-0,09%"
"21.05.2024","3.386,75","3.391,27","3.391,76","3.383,47","","-0,13%"
"20.05.2024","3.391,26","3.392,31","3.393,75","3.388,92","","-0,03%"
"17.05.2024","3.392,31","3.379,55","3.392,46","3.379,55","","0,38%"
"16.05.2024","3.379,54","3.372,59","3.381,41","3.372,59","","0,21%"
"15.05.2024","3.372,59","3.367,73","3.375,59","3.367,73","","0,14%"
"14.05.2024","3.367,72","3.376,50","3.383,07","3.367,35","","-0,26%"
"13.05.2024","3.376,50","3.397,79","3.397,79","3.374,87","","-0,63%"
"10.05.2024","3.397,79","3.389,27","3.398,25","3.389,27","","0,25%"
"09.05.2024","3.389,27","3.398,11","3.399,32","3.388,54","","-0,26%"
"08.05.2024","3.398,10","3.394,55","3.398,66","3.392,74","","0,11%"
"07.05.2024","3.394,53","3.392,61","3.395,84","3.390,42","","0,06%"
"06.05.2024","3.392,61","3.391,61","3.393,11","3.388,62","","0,03%"
"03.05.2024","3.391,61","3.376,40","3.392,94","3.376,40","","0,45%"
"02.05.2024","3.376,40","3.381,79","3.387,01","3.372,94","","-0,16%"
"30.04.2024","3.381,79","3.374,93","3.382,49","3.374,93","","0,20%"
"29.04.2024","3.374,93","3.366,74","3.374,93","3.364,97","","0,24%"
"26.04.2024","3.366,74","3.360,86","3.372,32","3.360,86","","0,17%"
"25.04.2024","3.360,86","3.365,41","3.367,04","3.359,49","","-0,14%"
"24.04.2024","3.365,41","3.373,25","3.375,50","3.363,71","","-0,23%"
"23.04.2024","3.373,24","3.380,00","3.382,92","3.370,20","","-0,20%"
"22.04.2024","3.380,00","3.391,17","3.391,20","3.379,64","","-0,33%"
"19.04.2024","3.391,17","3.386,79","3.392,50","3.383,43","","0,13%"
"18.04.2024","3.386,78","3.391,31","3.394,10","3.382,27","","-0,13%"
"17.04.2024","3.391,31","3.402,58","3.405,05","3.390,80","","-0,33%"
"16.04.2024","3.402,52","3.412,68","3.415,12","3.398,17","","-0,30%"
"15.04.2024","3.412,68","3.423,95","3.424,26","3.412,68","","-0,33%"
"12.04.2024","3.423,95","3.417,57","3.426,52","3.417,57","","0,19%"
"11.04.2024","3.417,57","3.418,45","3.420,82","3.415,41","","-0,03%"
"10.04.2024","3.418,43","3.420,76","3.424,13","3.415,75","","-0,07%"
"09.04.2024","3.420,76","3.421,87","3.423,72","3.420,76","","-0,03%"
"08.04.2024","3.421,87","3.422,03","3.424,04","3.417,52","","-0,01%"
"05.04.2024","3.422,18","3.414,28","3.422,36","3.414,28","","0,23%"
"04.04.2024","3.414,28","3.412,02","3.415,44","3.411,22","","0,07%"
"03.04.2024","3.412,02","3.406,58","3.414,50","3.406,58","","0,16%"
"02.04.2024","3.406,57","3.403,40","3.411,04","3.403,06","","0,09%"
"01.04.2024","3.403,41","3.408,16","3.411,29","3.398,66","","-0,14%"
"28.03.2024","3.408,15","3.395,41","3.409,45","3.395,41","","0,38%"
"27.03.2024","3.395,41","3.392,24","3.397,61","3.392,24","","0,09%"
"26.03.2024","3.392,25","3.390,05","3.395,00","3.390,05","","0,06%"
"25.03.2024","3.390,05","3.393,17","3.394,00","3.389,16","","-0,09%"
"22.03.2024","3.393,14","3.381,26","3.393,23","3.381,26","","0,35%"
"21.03.2024","3.381,26","3.378,24","3.382,45","3.377,38","","0,09%"
"20.03.2024","3.378,25","3.373,66","3.379,39","3.373,66","","0,14%"
"19.03.2024","3.373,64","3.374,00","3.381,08","3.371,43","","-0,01%"
"18.03.2024","3.374,01","3.367,03","3.378,13","3.367,03","","0,21%"
"15.03.2024","3.367,01","3.365,68","3.381,82","3.365,68","","0,04%"
"14.03.2024","3.365,68","3.367,43","3.368,72","3.363,35","","-0,05%"
"13.03.2024","3.367,44","3.368,77","3.372,88","3.366,15","","-0,04%"
"12.03.2024","3.368,76","3.374,47","3.376,78","3.367,57","","-0,17%"
"11.03.2024","3.374,45","3.382,28","3.382,82","3.371,55","","-0,23%"
"08.03.2024","3.382,28","3.371,76","3.383,66","3.371,76","","0,31%"
"07.03.2024","3.371,76","3.365,20","3.372,40","3.365,20","","0,20%"
"06.03.2024","3.365,18","3.366,97","3.371,46","3.363,93","","-0,05%"
"05.03.2024","3.366,96","3.364,84","3.369,39","3.364,84","","0,06%"
"04.03.2024","3.364,83","3.366,47","3.368,53","3.363,68","","-0,05%"
"01.03.2024","3.366,50","3.359,99","3.367,96","3.359,64","","0,19%"
"29.02.2024","3.360,00","3.343,32","3.360,64","3.343,32","","0,50%"
"28.02.2024","3.343,32","3.346,00","3.349,26","3.339,91","","-0,08%"
"27.02.2024","3.346,00","3.352,02","3.354,39","3.342,76","","-0,18%"
"26.02.2024","3.352,02","3.363,29","3.363,65","3.350,24","","-0,33%"
"23.02.2024","3.363,24","3.354,50","3.363,39","3.354,50","","0,26%"
"22.02.2024","3.354,50","3.356,04","3.360,35","3.353,55","","-0,05%"
"21.02.2024","3.356,04","3.357,63","3.362,20","3.354,76","","-0,05%"
"20.02.2024","3.357,64","3.357,03","3.360,73","3.355,47","","0,02%"
"19.02.2024","3.357,03","3.350,11","3.358,61","3.350,09","","0,21%"
"16.02.2024","3.350,11","3.349,19","3.358,16","3.349,19","","0,03%"
"15.02.2024","3.349,19","3.342,91","3.350,61","3.342,91","","0,19%"
"14.02.2024","3.342,91","3.351,99","3.352,21","3.342,90","","-0,27%"
"09.02.2024","3.351,99","3.339,78","3.354,26","3.339,78","","0,37%"
"08.02.2024","3.339,78","3.340,69","3.346,71","3.339,65","","-0,03%"
"07.02.2024","3.340,69","3.332,48","3.341,37","3.332,48","","0,25%"
"06.02.2024","3.332,48","3.327,93","3.333,96","3.325,67","","0,14%"
"05.02.2024","3.327,93","3.332,90","3.334,40","3.326,21","","-0,15%"
"02.02.2024","3.332,88","3.320,47","3.333,28","3.320,47","","0,37%"
"01.02.2024","3.320,47","3.333,51","3.335,35","3.317,51","","-0,39%"
"31.01.2024","3.333,51","3.327,55","3.334,97","3.327,15","","0,18%"
"30.01.2024","3.327,55","3.329,25","3.331,73","3.325,31","","-0,05%"
"29.01.2024","3.329,25","3.331,58","3.333,20","3.328,42","","-0,07%"
"26.01.2024","3.331,59","3.324,32","3.331,96","3.324,20","","0,22%"
"25.01.2024","3.324,32","3.324,42","3.328,38","3.323,48","","0,00%"
"24.01.2024","3.324,42","3.330,05","3.331,76","3.322,94","","-0,17%"
"23.01.2024","3.330,06","3.334,06","3.335,61","3.326,36","","-0,12%"
"22.01.2024","3.334,06","3.340,16","3.341,03","3.332,58","","-0,18%"
"19.01.2024","3.340,16","3.329,82","3.340,20","3.329,60","","0,31%"
"18.01.2024","3.329,82","3.332,50","3.336,77","3.327,26","","-0,08%"
"17.01.2024","3.332,51","3.334,51","3.338,28","3.330,38","","-0,06%"
"16.01.2024","3.334,51","3.332,16","3.336,84","3.329,81","","0,07%"
"15.01.2024","3.332,17","3.325,70","3.333,99","3.325,70","","0,19%"
"12.01.2024","3.325,70","3.318,09","3.329,10","3.318,09","","0,23%"
"11.01.2024","3.318,09","3.324,85","3.325,63","3.315,46","","-0,20%"
"10.01.2024","3.324,85","3.324,90","3.326,81","3.319,50","","0,00%"
"09.01.2024","3.324,90","3.327,09","3.328,46","3.321,73","","-0,07%"
"08.01.2024","3.327,10","3.324,23","3.328,89","3.324,08","","0,09%"
"05.01.2024","3.324,23","3.320,38","3.327,82","3.320,38","","0,12%"
"04.01.2024","3.320,38","3.324,41","3.326,10","3.318,83","","-0,12%"
"03.01.2024","3.324,41","3.314,09","3.325,70","3.314,09","","0,31%"
"02.01.2024","3.314,09","3.311,45","3.319,72","3.311,45","","0,08%"
"28.12.2023","3.311,43","3.298,60","3.314,39","3.298,60","","0,39%"
"27.12.2023","3.298,60","3.285,40","3.299,42","3.285,40","","0,40%"
"26.12.2023","3.285,40","3.260,50","3.285,74","3.260,48","","0,76%"
"22.12.2023","3.260,47","3.232,47","3.261,88","3.232,47","","0,87%"
"21.12.2023","3.232,47","3.212,55","3.233,21","3.212,55","","0,62%"
"20.12.2023","3.212,55","3.206,77","3.218,06","3.206,77","","0,18%"
"19.12.2023","3.206,75","3.197,51","3.208,11","3.197,51","","0,29%"
"18.12.2023","3.197,51","3.189,62","3.200,00","3.189,62","","0,25%"
"15.12.2023","3.189,62","3.184,22","3.197,87","3.184,22","","0,17%"
"14.12.2023","3.184,23","3.177,06","3.190,33","3.177,06","","0,23%"
"13.12.2023","3.177,05","3.169,67","3.177,09","3.169,67","","0,23%"
"12.12.2023","3.169,67","3.180,99","3.184,26","3.169,40","","-0,36%"
"11.12.2023","3.180,99","3.189,63","3.190,46","3.179,46","","-0,27%"
"08.12.2023","3.189,62","3.179,71","3.189,66","3.179,42","","0,31%"
"07.12.2023","3.179,69","3.191,27","3.194,70","3.178,26","","-0,36%"
"06.12.2023","3.191,27","3.189,91","3.196,06","3.188,90","","0,04%"
"05.12.2023","3.189,90","3.184,55","3.192,12","3.184,55","","0,17%"
"04.12.2023","3.184,55","3.175,07","3.187,09","3.175,07","","0,30%"
"01.12.2023","3.175,08","3.176,56","3.186,06","3.171,34","","-0,05%"
"30.11.2023","3.176,56","3.164,00","3.178,20","3.164,00","","0,40%"
"29.11.2023","3.164,00","3.167,50","3.171,23","3.161,63","","-0,11%"
"28.11.2023","3.167,49","3.159,19","3.170,00","3.159,19","","0,26%"
"27.11.2023","3.159,19","3.174,50","3.180,98","3.158,78","","-0,48%"
"24.11.2023","3.174,49","3.178,48","3.181,69","3.173,57","","-0,13%"
"23.11.2023","3.178,48","3.179,70","3.185,56","3.175,84","","-0,04%"
"22.11.2023","3.179,70","3.191,36","3.195,20","3.178,86","","-0,37%"
"21.11.2023","3.191,36","3.196,44","3.201,21","3.189,03","","-0,16%"
"20.11.2023","3.196,44","3.197,70","3.202,23","3.194,75","","-0,04%"
"17.11.2023","3.197,69","3.191,32","3.197,69","3.191,03","","0,20%"
"16.11.2023","3.191,32","3.184,41","3.192,28","3.184,41","","0,22%"
"14.11.2023","3.184,40","3.180,23","3.184,50","3.180,23","","0,13%"
"13.11.2023","3.180,24","3.182,18","3.187,11","3.178,76","","-0,06%"
"10.11.2023","3.182,18","3.177,75","3.183,96","3.177,75","","0,14%"
"09.11.2023","3.177,75","3.174,22","3.180,16","3.174,22","","0,11%"
"08.11.2023","3.174,22","3.172,96","3.177,27","3.172,70","","0,04%"
"07.11.2023","3.172,96","3.162,81","3.173,02","3.162,81","","0,32%"
"06.11.2023","3.162,81","3.160,39","3.167,97","3.160,39","","0,08%"
"03.11.2023","3.160,39","3.146,95","3.160,69","3.146,95","","0,43%"
"01.11.2023","3.146,95","3.155,69","3.163,99","3.144,18","","-0,28%"
"31.10.2023","3.155,70","3.156,03","3.164,12","3.154,44","","-0,01%"
"30.10.2023","3.156,07","3.155,68","3.163,01","3.153,35","","0,01%"
"27.10.2023","3.155,69","3.141,77","3.155,70","3.141,52","","0,44%"
"26.10.2023","3.141,77","3.150,21","3.153,61","3.140,23","","-0,27%"
"25.10.2023","3.150,21","3.155,53","3.162,40","3.148,27","","-0,17%"
"24.10.2023","3.155,53","3.172,37","3.175,89","3.155,29","","-0,53%"
"23.10.2023","3.172,40","3.168,39","3.173,11","3.168,39","","0,13%"
"20.10.2023","3.168,43","3.164,11","3.171,36","3.163,99","","0,14%"
"19.10.2023","3.164,08","3.173,79","3.176,96","3.163,08","","-0,31%"
"18.10.2023","3.173,80","3.183,18","3.186,61","3.173,62","","-0,29%"
"17.10.2023","3.183,18","3.190,14","3.192,14","3.180,88","","-0,22%"
"16.10.2023","3.190,17","3.192,01","3.194,36","3.187,01","","-0,06%"
"13.10.2023","3.192,01","3.183,77","3.192,47","3.183,77","","0,26%"
"11.10.2023","3.183,77","3.180,26","3.186,53","3.180,24","","0,11%"
"10.10.2023","3.180,39","3.179,35","3.184,10","3.177,77","","0,03%"
"09.10.2023","3.179,35","3.183,21","3.187,12","3.177,74","","-0,12%"
"06.10.2023","3.183,21","3.183,15","3.186,76","3.180,13","","0,00%"
"05.10.2023","3.183,15","3.184,80","3.191,39","3.180,06","","-0,05%"
"04.10.2023","3.184,79","3.195,71","3.199,38","3.184,23","","-0,34%"
"03.10.2023","3.195,72","3.197,09","3.205,35","3.193,24","","-0,04%"
"02.10.2023","3.197,13","3.219,29","3.221,45","3.196,47","","-0,69%"
"29.09.2023","3.219,28","3.193,19","3.221,30","3.193,19","","0,82%"
"28.09.2023","3.193,17","3.193,15","3.199,73","3.190,77","","0,00%"
"27.09.2023","3.193,15","3.199,14","3.203,76","3.190,85","","-0,19%"
"26.09.2023","3.199,14","3.214,28","3.216,54","3.196,86","","-0,47%"
"25.09.2023","3.214,28","3.226,46","3.229,71","3.211,39","","-0,38%"
"22.09.2023","3.226,39","3.224,24","3.231,03","3.224,24","","0,07%"
"21.09.2023","3.224,24","3.224,70","3.230,11","3.221,98","","-0,01%"
"20.09.2023","3.224,70","3.229,52","3.233,45","3.224,02","","-0,15%"
"19.09.2023","3.229,52","3.233,38","3.239,72","3.227,28","","-0,12%"
"18.09.2023","3.233,38","3.234,09","3.235,63","3.228,32","","-0,02%"
"15.09.2023","3.234,06","3.216,40","3.236,57","3.216,40","","0,55%"
"14.09.2023","3.216,40","3.216,15","3.218,11","3.212,02","","0,01%"
"13.09.2023","3.216,18","3.224,87","3.227,12","3.214,23","","-0,27%"
"12.09.2023","3.224,84","3.226,92","3.228,48","3.222,94","","-0,06%"
"11.09.2023","3.226,93","3.240,34","3.240,67","3.226,42","","-0,41%"
"08.09.2023","3.240,33","3.221,89","3.242,90","3.221,89","","0,57%"
"06.09.2023","3.222,02","3.215,78","3.223,55","3.215,78","","0,19%"
"05.09.2023","3.215,79","3.217,63","3.220,47","3.211,60","","-0,06%"
"04.09.2023","3.217,63","3.217,36","3.222,91","3.214,91","","0,01%"
"01.09.2023","3.217,23","3.212,80","3.222,54","3.212,79","","0,14%"
"31.08.2023","3.212,81","3.208,00","3.215,95","3.207,65","","0,15%"
"30.08.2023","3.208,00","3.192,48","3.208,71","3.192,48","","0,49%"
"29.08.2023","3.192,43","3.189,12","3.194,42","3.189,12","","0,10%"
"28.08.2023","3.189,09","3.197,10","3.197,97","3.185,46","","-0,25%"
"25.08.2023","3.197,10","3.190,00","3.197,72","3.190,00","","0,22%"
"24.08.2023","3.190,05","3.189,65","3.192,40","3.186,81","","0,01%"
"23.08.2023","3.189,65","3.195,18","3.198,05","3.187,16","","-0,17%"
"22.08.2023","3.195,17","3.203,22","3.206,84","3.191,80","","-0,25%"
"21.08.2023","3.203,21","3.209,35","3.212,63","3.198,78","","-0,20%"
"18.08.2023","3.209,51","3.206,35","3.211,68","3.203,03","","0,10%"
"17.08.2023","3.206,35","3.212,37","3.215,41","3.204,94","","-0,19%"
"16.08.2023","3.212,37","3.214,54","3.218,74","3.210,13","","-0,07%"
"15.08.2023","3.214,54","3.214,56","3.219,83","3.212,29","","0,00%"
"14.08.2023","3.214,57","3.220,69","3.223,54","3.212,93","","-0,19%"
"11.08.2023","3.220,69","3.213,12","3.220,69","3.213,11","","0,24%"
"10.08.2023","3.213,12","3.212,20","3.217,16","3.211,63","","0,03%"
"09.08.2023","3.212,17","3.216,83","3.219,26","3.209,87","","-0,14%"
"08.08.2023","3.216,83","3.219,44","3.221,75","3.212,52","","-0,08%"
"07.08.2023","3.219,41","3.216,66","3.220,70","3.216,66","","0,09%"
"04.08.2023","3.216,66","3.201,72","3.217,41","3.201,72","","0,47%"
"03.08.2023","3.201,72","3.192,17","3.206,02","3.192,17","","0,30%"
"02.08.2023","3.192,16","3.189,34","3.197,16","3.189,34","","0,09%"
"01.08.2023","3.189,33","3.197,18","3.201,11","3.185,06","","-0,25%"
"31.07.2023","3.197,18","3.181,23","3.197,83","3.181,23","","0,50%"
"28.07.2023","3.181,25","3.173,67","3.181,25","3.173,67","","0,24%"
"27.07.2023","3.173,67","3.174,91","3.181,26","3.171,54","","-0,04%"
"26.07.2023","3.174,92","3.182,86","3.186,51","3.173,63","","-0,25%"
"25.07.2023","3.182,86","3.182,42","3.189,14","3.179,91","","0,01%"
"24.07.2023","3.182,42","3.185,20","3.188,49","3.181,14","","-0,09%"
"21.07.2023","3.185,21","3.173,70","3.185,55","3.173,70","","0,36%"
"20.07.2023","3.173,70","3.174,68","3.179,58","3.171,87","","-0,03%"
"19.07.2023","3.174,68","3.180,00","3.184,17","3.171,29","","-0,17%"
"18.07.2023","3.180,00","3.182,62","3.186,52","3.178,98","","-0,08%"
"17.07.2023","3.182,62","3.184,03","3.188,65","3.180,71","","-0,04%"
"14.07.2023","3.184,03","3.178,31","3.186,51","3.178,31","","0,18%"
"13.07.2023","3.178,31","3.179,87","3.183,46","3.176,75","","-0,05%"
"12.07.2023","3.179,95","3.181,58","3.184,52","3.177,86","","-0,05%"
"11.07.2023","3.181,58","3.181,13","3.187,51","3.179,49","","0,02%"
"10.07.2023","3.181,10","3.190,78","3.192,51","3.181,10","","-0,30%"
"07.07.2023","3.190,78","3.177,22","3.190,78","3.177,22","","0,43%"
"06.07.2023","3.177,21","3.170,77","3.179,27","3.170,77","","0,20%"
"05.07.2023","3.170,77","3.157,49","3.171,50","3.157,49","","0,42%"
"04.07.2023","3.157,36","3.152,12","3.159,53","3.152,11","","0,17%"
"03.07.2023","3.152,07","3.155,32","3.161,87","3.147,99","","-0,10%"
"30.06.2023","3.155,32","3.132,21","3.157,89","3.132,21","","0,74%"
"29.06.2023","3.132,06","3.120,44","3.132,06","3.120,44","","0,37%"
"28.06.2023","3.120,45","3.116,62","3.120,46","3.116,04","","0,12%"
"27.06.2023","3.116,60","3.109,77","3.117,30","3.109,77","","0,22%"
"26.06.2023","3.109,74","3.106,82","3.110,90","3.104,48","","0,09%"
"23.06.2023","3.106,81","3.099,40","3.109,11","3.098,71","","0,24%"
"22.06.2023","3.099,39","3.103,30","3.105,97","3.097,70","","-0,13%"
"21.06.2023","3.103,36","3.097,33","3.105,14","3.097,33","","0,19%"
"20.06.2023","3.097,34","3.093,02","3.102,10","3.093,02","","0,14%"
"19.06.2023","3.093,01","3.082,81","3.093,73","3.082,81","","0,33%"
"16.06.2023","3.082,71","3.064,48","3.082,72","3.064,48","","0,59%"
"15.06.2023","3.064,48","3.056,04","3.065,61","3.056,04","","0,28%"
"14.06.2023","3.056,04","3.051,11","3.056,12","3.050,69","","0,16%"
"13.06.2023","3.051,11","3.047,79","3.052,10","3.047,57","","0,11%"
"12.06.2023","3.047,79","3.046,98","3.051,22","3.044,00","","0,03%"
"09.06.2023","3.046,98","3.038,86","3.047,43","3.036,73","","0,27%"
"07.06.2023","3.038,80","3.034,15","3.043,62","3.034,15","","0,16%"
"06.06.2023","3.034,04","3.034,97","3.038,32","3.032,71","","-0,03%"
"05.06.2023","3.034,95","3.026,89","3.036,05","3.026,89","","0,27%"
"02.06.2023","3.026,89","3.011,49","3.029,85","3.011,49","","0,51%"
"01.06.2023","3.011,49","3.013,46","3.023,26","3.005,89","","-0,07%"
"31.05.2023","3.013,46","3.002,96","3.015,18","3.002,96","","0,35%"
"30.05.2023","3.002,96","3.007,26","3.011,41","3.000,85","","-0,14%"
"29.05.2023","3.007,26","3.007,40","3.009,64","3.003,21","","0,00%"
"26.05.2023","3.007,39","3.003,54","3.010,26","3.003,54","","0,13%"
"25.05.2023","3.003,53","2.996,19","3.005,81","2.996,19","","0,25%"
"24.05.2023","2.996,11","3.005,48","3.008,11","2.996,11","","-0,31%"
"23.05.2023","3.005,48","3.000,79","3.006,39","3.000,79","","0,16%"
"22.05.2023","3.000,79","2.998,16","3.002,98","2.997,90","","0,09%"
"19.05.2023","2.998,16","2.992,68","2.999,68","2.992,68","","0,18%"
"18.05.2023","2.992,68","2.990,03","2.997,19","2.989,79","","0,09%"
"17.05.2023","2.990,02","2.978,46","2.991,42","2.978,46","","0,39%"
"16.05.2023","2.978,45","2.967,44","2.982,49","2.967,44","","0,37%"
"15.05.2023","2.967,44","2.944,59","2.969,54","2.944,59","","0,78%"
"12.05.2023","2.944,57","2.928,47","2.945,12","2.928,47","","0,55%"
"11.05.2023","2.928,48","2.915,00","2.929,38","2.915,00","","0,46%"
"10.05.2023","2.915,00","2.910,37","2.916,82","2.910,34","","0,16%"
"09.05.2023","2.910,39","2.898,59","2.910,84","2.898,59","","0,41%"
"08.05.2023","2.898,59","2.886,42","2.899,11","2.886,42","","0,42%"
"05.05.2023","2.886,42","2.875,33","2.887,46","2.875,33","","0,39%"
"04.05.2023","2.875,33","2.863,91","2.875,33","2.863,79","","0,40%"
"03.05.2023","2.863,90","2.859,62","2.867,52","2.859,62","","0,15%"
"02.05.2023","2.859,63","2.858,23","2.869,21","2.856,16","","0,05%"
"28.04.2023","2.858,23","2.827,28","2.858,23","2.827,28","","1,10%"
"27.04.2023","2.827,24","2.817,19","2.828,81","2.817,19","","0,36%"
"26.04.2023","2.817,21","2.814,98","2.821,06","2.814,68","","0,08%"
"25.04.2023","2.814,98","2.816,23","2.819,85","2.812,07","","-0,04%"
"24.04.2023","2.816,23","2.813,94","2.818,48","2.810,82","","0,08%"
"20.04.2023","2.813,94","2.809,01","2.814,26","2.809,01","","0,18%"
"19.04.2023","2.809,01","2.809,31","2.813,55","2.807,71","","-0,01%"
"18.04.2023","2.809,34","2.797,18","2.809,34","2.797,18","","0,43%"
"17.04.2023","2.797,18","2.781,47","2.798,23","2.781,47","","0,56%"
"14.04.2023","2.781,47","2.769,70","2.781,81","2.769,70","","0,42%"
"13.04.2023","2.769,70","2.770,02","2.775,66","2.767,11","","-0,01%"
"12.04.2023","2.769,99","2.765,29","2.771,89","2.760,94","","0,17%"
"11.04.2023","2.765,29","2.760,71","2.766,24","2.759,24","","0,17%"
"10.04.2023","2.760,71","2.760,38","2.764,42","2.757,20","","0,01%"
"06.04.2023","2.760,38","2.760,29","2.765,35","2.757,51","","0,00%"
"05.04.2023","2.760,26","2.761,00","2.767,97","2.759,26","","-0,03%"
"04.04.2023","2.761,00","2.753,10","2.764,35","2.753,10","","0,29%"
"03.04.2023","2.753,11","2.760,94","2.772,58","2.751,42","","-0,28%"
"31.03.2023","2.760,96","2.736,12","2.760,96","2.736,12","","0,91%"
"30.03.2023","2.736,12","2.744,37","2.752,25","2.732,35","","-0,30%"
"29.03.2023","2.744,39","2.763,75","2.766,62","2.741,98","","-0,70%"
"28.03.2023","2.763,77","2.767,26","2.770,22","2.762,60","","-0,13%"
"27.03.2023","2.767,27","2.770,26","2.771,52","2.765,09","","-0,11%"
"24.03.2023","2.770,26","2.760,63","2.770,97","2.760,63","","0,35%"
"23.03.2023","2.760,67","2.768,44","2.770,88","2.757,06","","-0,28%"
"22.03.2023","2.768,43","2.769,48","2.773,41","2.765,80","","-0,04%"
"21.03.2023","2.769,48","2.768,21","2.775,89","2.767,25","","0,05%"
"20.03.2023","2.768,22","2.776,06","2.782,98","2.767,37","","-0,28%"
"17.03.2023","2.776,03","2.777,15","2.783,22","2.775,24","","-0,04%"
"16.03.2023","2.777,15","2.778,07","2.785,38","2.771,19","","-0,03%"
"15.03.2023","2.778,06","2.774,84","2.781,93","2.774,84","","0,12%"
"14.03.2023","2.774,85","2.772,75","2.777,76","2.771,28","","0,08%"
"13.03.2023","2.772,75","2.788,51","2.791,63","2.770,77","","-0,57%"
"10.03.2023","2.788,51","2.791,80","2.798,19","2.785,30","","-0,12%"
"09.03.2023","2.791,81","2.798,40","2.804,03","2.791,18","","-0,24%"
"08.03.2023","2.798,40","2.809,09","2.813,10","2.798,40","","-0,38%"
"07.03.2023","2.809,10","2.811,73","2.816,56","2.807,15","","-0,09%"
"06.03.2023","2.811,73","2.821,35","2.824,56","2.811,60","","-0,34%"
"03.03.2023","2.821,35","2.810,98","2.821,59","2.810,98","","0,37%"
"02.03.2023","2.810,98","2.808,70","2.819,52","2.808,70","","0,08%"
"01.03.2023","2.808,70","2.808,40","2.819,23","2.806,14","","0,01%"
"28.02.2023","2.808,39","2.808,07","2.827,70","2.804,03","","0,01%"
"27.02.2023","2.808,07","2.803,10","2.809,03","2.802,62","","0,18%"
"24.02.2023","2.803,11","2.793,51","2.806,06","2.793,51","","0,34%"
"23.02.2023","2.793,49","2.797,89","2.804,16","2.792,75","","-0,16%"
"22.02.2023","2.797,85","2.797,39","2.799,49","2.795,70","","0,02%"
"17.02.2023","2.797,40","2.780,72","2.797,40","2.780,72","","0,60%"
"16.02.2023","2.780,71","2.782,92","2.786,15","2.780,45","","-0,08%"
"15.02.2023","2.782,91","2.778,70","2.785,96","2.777,56","","0,15%"
"14.02.2023","2.778,70","2.774,40","2.783,99","2.774,40","","0,15%"
"13.02.2023","2.774,40","2.785,52","2.789,63","2.774,40","","-0,40%"
"10.02.2023","2.785,52","2.791,44","2.794,83","2.783,77","","-0,21%"
"09.02.2023","2.791,44","2.798,30","2.800,93","2.791,44","","-0,25%"
"08.02.2023","2.798,31","2.804,82","2.808,41","2.797,51","","-0,23%"
"07.02.2023","2.804,81","2.811,11","2.815,24","2.803,49","","-0,22%"
"06.02.2023","2.811,12","2.815,69","2.820,40","2.809,15","","-0,16%"
"03.02.2023","2.815,69","2.814,15","2.820,59","2.813,30","","0,05%"
"02.02.2023","2.814,15","2.807,00","2.817,12","2.807,00","","0,25%"
"01.02.2023","2.807,02","2.821,14","2.829,40","2.805,37","","-0,50%"
"31.01.2023","2.821,14","2.807,89","2.824,20","2.807,89","","0,47%"
"30.01.2023","2.807,88","2.809,46","2.816,08","2.807,57","","-0,06%"
"27.01.2023","2.809,46","2.809,44","2.814,78","2.807,57","","0,00%"
"26.01.2023","2.809,44","2.816,54","2.819,82","2.809,05","","-0,25%"
"25.01.2023","2.816,54","2.811,90","2.817,59","2.811,85","","0,17%"
"24.01.2023","2.811,90","2.815,85","2.820,27","2.810,48","","-0,14%"
"23.01.2023","2.815,86","2.826,67","2.831,51","2.813,42","","-0,38%"
"20.01.2023","2.826,67","2.824,92","2.833,83","2.823,67","","0,06%"
"19.01.2023","2.824,92","2.838,73","2.845,27","2.823,72","","-0,49%"
"18.01.2023","2.838,73","2.838,06","2.846,55","2.836,17","","0,02%"
"17.01.2023","2.838,03","2.840,79","2.849,17","2.835,82","","-0,10%"
"16.01.2023","2.840,79","2.838,76","2.844,22","2.837,10","","0,07%"
"13.01.2023","2.838,74","2.833,33","2.845,76","2.833,33","","0,19%"
"12.01.2023","2.833,33","2.839,06","2.843,28","2.832,08","","-0,20%"
"11.01.2023","2.839,07","2.845,39","2.848,94","2.838,59","","-0,22%"
"10.01.2023","2.845,39","2.845,36","2.850,99","2.842,49","","0,00%"
"09.01.2023","2.845,35","2.850,98","2.852,42","2.840,30","","-0,20%"
"06.01.2023","2.850,98","2.855,85","2.861,57","2.846,19","","-0,17%"
"05.01.2023","2.855,86","2.846,95","2.858,35","2.846,25","","0,31%"
"04.01.2023","2.846,90","2.855,22","2.861,18","2.841,25","","-0,29%"
"03.01.2023","2.855,21","2.861,29","2.869,17","2.853,10","","-0,21%"
"02.01.2023","2.861,10","2.867,12","2.870,77","2.849,36","","-0,21%"
"29.12.2022","2.867,13","2.850,51","2.867,13","2.850,45","","0,58%"
"28.12.2022","2.850,52","2.834,46","2.850,52","2.834,46","","0,57%"
"27.12.2022","2.834,46","2.826,99","2.837,41","2.826,99","","0,26%"
"26.12.2022","2.826,99","2.820,03","2.833,29","2.820,03","","0,25%"
"23.12.2022","2.820,03","2.801,14","2.820,58","2.801,14","","0,67%"
"22.12.2022","2.801,14","2.799,72","2.810,78","2.798,48","","0,05%"
"21.12.2022","2.799,72","2.779,54","2.803,34","2.779,54","","0,73%"
"20.12.2022","2.779,54","2.762,31","2.781,24","2.762,29","","0,62%"
"19.12.2022","2.762,37","2.780,48","2.786,54","2.759,79","","-0,65%"
"16.12.2022","2.780,48","2.785,82","2.798,06","2.780,48","","-0,20%"
"15.12.2022","2.786,08","2.801,87","2.809,26","2.784,46","","-0,56%"
"14.12.2022","2.801,87","2.827,17","2.835,31","2.800,76","","-0,89%"
"13.12.2022","2.827,17","2.846,78","2.856,20","2.827,13","","-0,69%"
"12.12.2022","2.846,77","2.866,27","2.871,57","2.845,86","","-0,68%"
"09.12.2022","2.866,28","2.862,97","2.872,84","2.862,97","","0,12%"
"08.12.2022","2.862,98","2.876,21","2.885,60","2.862,77","","-0,46%"
"07.12.2022","2.876,21","2.881,58","2.890,73","2.875,74","","-0,19%"
"06.12.2022","2.881,58","2.889,08","2.895,45","2.881,58","","-0,26%"
"05.12.2022","2.889,07","2.893,69","2.900,16","2.886,08","","-0,16%"
"02.12.2022","2.893,69","2.877,88","2.894,02","2.877,88","","0,55%"
"01.12.2022","2.877,88","2.867,21","2.880,36","2.867,21","","0,37%"
"30.11.2022","2.867,21","2.851,29","2.868,28","2.851,25","","0,56%"
"29.11.2022","2.851,29","2.850,52","2.859,69","2.850,07","","0,03%"
"28.11.2022","2.850,52","2.852,30","2.858,68","2.849,05","","-0,08%"
"25.11.2022","2.852,69","2.858,55","2.864,25","2.850,31","","-0,21%"
"24.11.2022","2.858,55","2.858,84","2.866,09","2.854,83","","-0,01%"
"23.11.2022","2.858,85","2.866,50","2.868,43","2.858,06","","-0,27%"
"22.11.2022","2.866,50","2.867,84","2.878,96","2.862,43","","-0,05%"
"21.11.2022","2.867,85","2.878,31","2.887,48","2.867,40","","-0,36%"
"18.11.2022","2.878,28","2.864,01","2.887,93","2.864,01","","0,50%"
"17.11.2022","2.864,01","2.914,40","2.916,02","2.859,61","","-1,73%"
"16.11.2022","2.914,40","2.931,19","2.940,86","2.911,65","","-0,57%"
"14.11.2022","2.931,19","2.934,71","2.939,42","2.926,89","","-0,12%"
"11.11.2022","2.934,71","2.941,54","2.944,42","2.929,46","","-0,23%"
"10.11.2022","2.941,54","2.969,14","2.972,45","2.938,57","","-0,93%"
"09.11.2022","2.969,14","2.983,39","2.985,50","2.967,21","","-0,48%"
"08.11.2022","2.983,37","2.987,19","2.990,48","2.982,62","","-0,13%"
"07.11.2022","2.987,19","2.993,06","2.994,85","2.985,48","","-0,20%"
"04.11.2022","2.993,06","2.988,75","2.993,69","2.988,15","","0,14%"
"03.11.2022","2.988,75","2.989,23","2.993,91","2.985,62","","-0,01%"
"01.11.2022","2.989,15","2.991,45","2.997,58","2.984,52","","-0,08%"
"31.10.2022","2.991,45","2.993,69","2.993,69","2.973,75","","-0,07%"
"28.10.2022","2.993,69","2.992,35","2.995,66","2.990,74","","0,04%"
"27.10.2022","2.992,35","2.991,01","2.995,34","2.989,09","","0,05%"
"26.10.2022","2.991,00","2.993,38","2.997,06","2.989,60","","-0,08%"
"25.10.2022","2.993,37","2.993,22","2.998,98","2.992,70","","0,01%"
"24.10.2022","2.993,16","2.999,05","3.001,57","2.993,13","","-0,20%"
"21.10.2022","2.999,05","2.992,39","3.000,14","2.992,39","","0,22%"
"20.10.2022","2.992,35","2.986,43","2.993,63","2.986,43","","0,20%"
"19.10.2022","2.986,43","2.987,10","2.992,39","2.984,09","","-0,02%"
"18.10.2022","2.987,10","2.982,34","2.988,79","2.982,28","","0,16%"
"17.10.2022","2.982,34","2.991,65","2.996,19","2.981,46","","-0,31%"
"14.10.2022","2.991,66","2.992,75","2.998,08","2.988,36","","-0,03%"
"13.10.2022","2.992,58","2.999,96","3.002,45","2.990,57","","-0,25%"
"11.10.2022","2.999,96","2.998,47","3.002,46","2.997,54","","0,05%"
"10.10.2022","2.998,46","3.002,87","3.006,34","2.996,17","","-0,15%"
"07.10.2022","3.002,83","2.995,59","3.003,64","2.995,59","","0,24%"
"06.10.2022","2.995,60","2.986,50","2.997,18","2.986,50","","0,30%"
"05.10.2022","2.986,50","2.985,08","2.990,84","2.985,08","","0,05%"
"04.10.2022","2.985,08","2.982,90","2.986,39","2.980,10","","0,07%"
"03.10.2022","2.982,90","2.990,80","2.993,73","2.980,38","","-0,26%"
"30.09.2022","2.990,80","2.972,49","2.990,80","2.972,49","","0,62%"
"29.09.2022","2.972,49","2.975,15","2.978,49","2.971,93","","-0,09%"
"28.09.2022","2.975,15","2.979,49","2.982,95","2.974,21","","-0,15%"
"27.09.2022","2.979,49","2.984,31","2.988,93","2.978,14","","-0,16%"
"26.09.2022","2.984,31","2.990,30","2.991,87","2.983,86","","-0,20%"
"23.09.2022","2.990,30","2.994,65","2.997,47","2.988,53","","-0,15%"
"22.09.2022","2.994,65","2.989,28","2.995,57","2.989,28","","0,18%"
"21.09.2022","2.989,12","2.987,91","2.991,95","2.986,67","","0,04%"
"20.09.2022","2.987,89","2.983,80","2.990,51","2.983,80","","0,14%"
"19.09.2022","2.983,78","2.984,47","2.985,86","2.979,48","","-0,02%"
"16.09.2022","2.984,44","2.971,49","2.989,22","2.971,15","","0,44%"
"15.09.2022","2.971,49","2.968,91","2.978,08","2.968,91","","0,09%"
"14.09.2022","2.968,92","2.973,51","2.976,54","2.967,58","","-0,15%"
"13.09.2022","2.973,51","2.973,68","2.977,27","2.970,85","","-0,01%"
"12.09.2022","2.973,68","2.980,07","2.983,26","2.973,03","","-0,21%"
"09.09.2022","2.980,06","2.974,42","2.980,24","2.974,42","","0,19%"
"08.09.2022","2.974,43","2.977,08","2.985,24","2.973,22","","-0,09%"
"06.09.2022","2.977,07","2.980,92","2.986,23","2.976,66","","-0,13%"
"05.09.2022","2.980,81","2.975,55","2.987,26","2.975,55","","0,18%"
"02.09.2022","2.975,51","2.968,96","2.978,41","2.968,96","","0,22%"
"01.09.2022","2.968,97","2.976,23","2.981,29","2.965,06","","-0,24%"
"31.08.2022","2.976,23","2.957,22","2.976,31","2.957,22","","0,64%"
"30.08.2022","2.957,24","2.952,45","2.960,49","2.952,45","","0,16%"
"29.08.2022","2.952,45","2.940,71","2.953,99","2.940,71","","0,40%"
"26.08.2022","2.940,71","2.933,29","2.940,71","2.933,29","","0,25%"
"25.08.2022","2.933,26","2.929,14","2.934,54","2.929,14","","0,14%"
"24.08.2022","2.929,11","2.931,46","2.934,65","2.927,37","","-0,08%"
"23.08.2022","2.931,46","2.929,91","2.933,46","2.929,41","","0,06%"
"22.08.2022","2.929,78","2.923,16","2.930,32","2.923,16","","0,23%"
"19.08.2022","2.923,16","2.920,94","2.927,92","2.920,94","","0,08%"
"18.08.2022","2.920,92","2.916,99","2.924,45","2.916,99","","0,13%"
"17.08.2022","2.916,99","2.908,29","2.918,57","2.908,29","","0,30%"
"16.08.2022","2.908,29","2.902,06","2.910,75","2.902,01","","0,21%"
"15.08.2022","2.902,06","2.871,03","2.902,37","2.870,98","","1,08%"
"12.08.2022","2.870,95","2.851,64","2.872,70","2.851,64","","0,68%"
"11.08.2022","2.851,58","2.832,94","2.853,21","2.832,94","","0,66%"
"10.08.2022","2.832,94","2.825,74","2.833,95","2.825,74","","0,25%"
"09.08.2022","2.825,74","2.821,16","2.826,64","2.819,81","","0,16%"
"08.08.2022","2.821,16","2.817,42","2.822,29","2.817,42","","0,13%"
"05.08.2022","2.817,42","2.811,19","2.818,02","2.811,09","","0,22%"
"04.08.2022","2.811,20","2.806,26","2.812,43","2.806,26","","0,18%"
"03.08.2022","2.806,25","2.808,64","2.813,54","2.806,25","","-0,09%"
"02.08.2022","2.808,65","2.803,32","2.809,91","2.803,32","","0,19%"
"01.08.2022","2.803,32","2.814,10","2.816,67","2.800,85","","-0,38%"
"29.07.2022","2.814,10","2.801,71","2.814,12","2.801,71","","0,44%"
"28.07.2022","2.801,68","2.794,64","2.801,68","2.794,64","","0,25%"
"27.07.2022","2.794,62","2.794,00","2.798,59","2.792,76","","0,02%"
"26.07.2022","2.794,00","2.793,03","2.798,34","2.792,89","","0,04%"
"25.07.2022","2.792,96","2.793,33","2.798,82","2.790,48","","-0,01%"
"22.07.2022","2.793,34","2.791,03","2.796,05","2.791,03","","0,08%"
"21.07.2022","2.791,03","2.789,52","2.793,13","2.788,20","","0,05%"
"20.07.2022","2.789,52","2.784,13","2.791,48","2.784,11","","0,19%"
"19.07.2022","2.784,13","2.779,82","2.786,25","2.779,82","","0,16%"
"18.07.2022","2.779,77","2.778,13","2.786,99","2.778,13","","0,06%"
"15.07.2022","2.778,14","2.775,88","2.780,12","2.774,91","","0,08%"
"14.07.2022","2.775,88","2.773,15","2.779,45","2.773,15","","0,10%"
"13.07.2022","2.773,14","2.780,30","2.782,34","2.770,22","","-0,26%"
"12.07.2022","2.780,30","2.786,80","2.789,48","2.777,80","","-0,23%"
"11.07.2022","2.786,81","2.792,01","2.794,90","2.784,65","","-0,19%"
"08.07.2022","2.792,01","2.792,59","2.793,65","2.789,10","","-0,02%"
"07.07.2022","2.792,59","2.788,63","2.792,79","2.787,07","","0,14%"
"06.07.2022","2.788,63","2.783,80","2.788,65","2.782,11","","0,17%"
"05.07.2022","2.783,80","2.793,40","2.796,40","2.780,38","","-0,34%"
"04.07.2022","2.793,40","2.792,16","2.797,89","2.791,39","","0,05%"
"01.07.2022","2.792,12","2.795,62","2.799,28","2.787,61","","-0,13%"
"30.06.2022","2.795,62","2.792,39","2.797,81","2.791,32","","0,12%"
"29.06.2022","2.792,39","2.793,72","2.798,77","2.790,29","","-0,05%"
"28.06.2022","2.793,71","2.800,55","2.806,32","2.792,53","","-0,24%"
"27.06.2022","2.800,55","2.802,37","2.807,96","2.799,81","","-0,06%"
"24.06.2022","2.802,37","2.802,66","2.807,68","2.799,45","","-0,01%"
"23.06.2022","2.802,66","2.808,43","2.811,70","2.801,10","","-0,21%"
"22.06.2022","2.808,42","2.813,10","2.814,04","2.805,71","","-0,17%"
"21.06.2022","2.813,08","2.811,25","2.816,18","2.810,89","","0,07%"
"20.06.2022","2.811,25","2.802,01","2.812,15","2.802,01","","0,33%"
"17.06.2022","2.802,02","2.804,38","2.810,79","2.801,47","","-0,08%"
"15.06.2022","2.804,38","2.801,27","2.812,25","2.799,91","","0,11%"
"14.06.2022","2.801,27","2.802,54","2.811,70","2.801,22","","-0,05%"
"13.06.2022","2.802,54","2.813,62","2.814,70","2.800,79","","-0,39%"
"10.06.2022","2.813,64","2.817,79","2.822,24","2.811,00","","-0,15%"
"09.06.2022","2.817,79","2.822,80","2.825,02","2.817,79","","-0,18%"
"08.06.2022","2.822,80","2.824,87","2.829,55","2.820,77","","-0,07%"
"07.06.2022","2.824,87","2.829,29","2.832,28","2.823,53","","-0,16%"
"06.06.2022","2.829,29","2.830,26","2.833,95","2.828,06","","-0,03%"
"03.06.2022","2.830,26","2.826,26","2.831,44","2.826,26","","0,14%"
"02.06.2022","2.826,25","2.823,12","2.827,35","2.823,12","","0,11%"
"01.06.2022","2.823,08","2.820,44","2.826,73","2.820,44","","0,09%"
"31.05.2022","2.820,45","2.812,66","2.821,03","2.812,66","","0,28%"
"30.05.2022","2.812,62","2.806,52","2.816,07","2.806,52","","0,22%"
"27.05.2022","2.806,52","2.795,69","2.807,48","2.795,69","","0,39%"
"26.05.2022","2.795,69","2.793,18","2.797,48","2.792,85","","0,09%"
"25.05.2022","2.793,18","2.791,10","2.795,97","2.791,10","","0,07%"
"24.05.2022","2.791,10","2.789,37","2.793,80","2.788,16","","0,06%"
"23.05.2022","2.789,37","2.784,57","2.791,34","2.784,37","","0,17%"
"20.05.2022","2.784,57","2.779,16","2.785,65","2.779,16","","0,19%"
"19.05.2022","2.779,16","2.777,46","2.782,15","2.775,10","","0,06%"
"18.05.2022","2.777,46","2.776,62","2.784,32","2.775,25","","0,03%"
"17.05.2022","2.776,62","2.768,63","2.778,75","2.768,63","","0,29%"
"16.05.2022","2.768,63","2.771,89","2.777,81","2.768,58","","-0,12%"
"13.05.2022","2.771,87","2.755,79","2.773,09","2.755,79","","0,58%"
"12.05.2022","2.755,79","2.763,86","2.767,80","2.753,23","","-0,29%"
"11.05.2022","2.763,86","2.768,12","2.771,75","2.761,76","","-0,15%"
"10.05.2022","2.768,12","2.769,78","2.774,94","2.764,59","","-0,06%"
"09.05.2022","2.769,80","2.779,36","2.784,81","2.769,80","","-0,34%"
"06.05.2022","2.779,36","2.782,45","2.790,80","2.778,75","","-0,11%"
"05.05.2022","2.782,46","2.787,91","2.794,36","2.782,19","","-0,20%"
"04.05.2022","2.787,91","2.794,90","2.800,94","2.786,92","","-0,25%"
"03.05.2022","2.794,89","2.798,16","2.806,85","2.794,62","","-0,12%"
"02.05.2022","2.798,16","2.813,07","2.823,90","2.796,27","","-0,53%"
"29.04.2022","2.813,06","2.804,90","2.815,93","2.804,90","","0,29%"
"28.04.2022","2.804,83","2.801,22","2.806,57","2.801,22","","0,13%"
"27.04.2022","2.801,20","2.801,99","2.807,38","2.800,43","","-0,03%"
"26.04.2022","2.801,99","2.805,31","2.810,72","2.801,99","","-0,12%"
"25.04.2022","2.805,31","2.810,29","2.814,68","2.804,76","","-0,18%"
"22.04.2022","2.810,29","2.808,27","2.813,38","2.808,27","","0,07%"
"20.04.2022","2.808,21","2.805,38","2.811,10","2.805,38","","0,10%"
"19.04.2022","2.805,38","2.801,91","2.809,52","2.801,89","","0,12%"
"18.04.2022","2.801,91","2.808,60","2.811,10","2.798,53","","-0,24%"
"14.04.2022","2.808,60","2.803,60","2.809,53","2.803,60","","0,18%"
"13.04.2022","2.803,59","2.808,96","2.809,28","2.802,34","","-0,19%"
"12.04.2022","2.808,97","2.807,57","2.814,86","2.805,00","","0,05%"
"11.04.2022","2.807,58","2.808,82","2.809,76","2.805,45","","-0,04%"
"08.04.2022","2.808,83","2.796,51","2.808,83","2.796,51","","0,12%"
"07.04.2022","2.805,35","2.803,97","2.810,80","2.803,67","","0,05%"
"06.04.2022","2.803,89","2.805,62","2.811,76","2.801,89","","-0,06%"
"05.04.2022","2.805,60","2.807,19","2.814,01","2.805,14","","-0,06%"
"04.04.2022","2.807,19","2.798,71","2.809,25","2.798,71","","0,30%"
"01.04.2022","2.798,71","2.779,97","2.798,71","2.779,97","","0,67%"
"31.03.2022","2.779,97","2.772,17","2.781,59","2.772,17","","0,28%"
"30.03.2022","2.772,17","2.762,13","2.772,26","2.761,85","","0,37%"
"29.03.2022","2.762,05","2.748,25","2.762,05","2.748,25","","0,50%"
"28.03.2022","2.748,26","2.748,27","2.752,17","2.748,06","","0,00%"
"25.03.2022","2.748,27","2.732,68","2.748,27","2.732,68","","0,57%"
"24.03.2022","2.732,68","2.734,60","2.737,45","2.731,75","","-0,07%"
"23.03.2022","2.734,59","2.730,52","2.738,31","2.730,50","","0,15%"
"22.03.2022","2.730,52","2.720,15","2.731,12","2.720,15","","0,38%"
"21.03.2022","2.720,15","2.719,17","2.724,27","2.716,00","","0,04%"
"18.03.2022","2.719,17","2.708,51","2.721,26","2.708,51","","0,39%"
"17.03.2022","2.708,51","2.710,31","2.719,64","2.707,92","","-0,07%"
"16.03.2022","2.710,31","2.707,85","2.714,76","2.707,85","","0,09%"
"15.03.2022","2.707,76","2.704,57","2.714,89","2.704,42","","0,12%"
"14.03.2022","2.704,57","2.719,78","2.726,72","2.703,15","","-0,56%"
"11.03.2022","2.719,78","2.724,42","2.730,42","2.718,53","","-0,17%"
"10.03.2022","2.724,42","2.724,79","2.729,41","2.722,38","","-0,01%"
"09.03.2022","2.724,80","2.725,71","2.731,82","2.724,14","","-0,03%"
"08.03.2022","2.725,71","2.730,86","2.736,29","2.725,70","","-0,19%"
"07.03.2022","2.730,86","2.741,73","2.747,35","2.730,43","","-0,40%"
"04.03.2022","2.741,72","2.742,02","2.748,35","2.741,32","","-0,01%"
"03.03.2022","2.742,02","2.736,67","2.745,52","2.736,65","","0,20%"
"02.03.2022","2.736,58","2.741,15","2.745,62","2.734,27","","-0,17%"
"25.02.2022","2.741,15","2.709,78","2.742,93","2.709,78","","1,16%"
"24.02.2022","2.709,75","2.729,33","2.729,33","2.698,48","","-0,72%"
"23.02.2022","2.729,33","2.733,35","2.738,93","2.728,81","","-0,15%"
"22.02.2022","2.733,35","2.741,60","2.746,99","2.732,45","","-0,30%"
"21.02.2022","2.741,59","2.751,56","2.756,33","2.740,72","","-0,36%"
"18.02.2022","2.751,56","2.746,55","2.754,39","2.746,55","","0,18%"
"17.02.2022","2.746,55","2.747,53","2.755,05","2.745,50","","-0,04%"
"16.02.2022","2.747,53","2.750,96","2.756,82","2.746,57","","-0,13%"
"15.02.2022","2.750,97","2.753,17","2.761,01","2.748,96","","-0,08%"
"14.02.2022","2.753,16","2.762,70","2.767,85","2.752,58","","-0,35%"
"11.02.2022","2.762,70","2.761,03","2.765,61","2.761,03","","0,06%"
"10.02.2022","2.761,03","2.763,76","2.767,20","2.759,02","","-0,10%"
"09.02.2022","2.763,76","2.762,56","2.768,48","2.761,31","","0,04%"
"08.02.2022","2.762,57","2.765,64","2.771,05","2.762,13","","-0,11%"
"07.02.2022","2.765,64","2.771,91","2.774,74","2.764,55","","-0,23%"
"04.02.2022","2.771,91","2.767,58","2.773,65","2.767,40","","0,16%"
"03.02.2022","2.767,59","2.771,01","2.775,89","2.765,70","","-0,12%"
"02.02.2022","2.771,01","2.776,62","2.781,56","2.770,47","","-0,20%"
"01.02.2022","2.776,61","2.776,92","2.783,96","2.775,67","","-0,01%"
"31.01.2022","2.776,92","2.769,90","2.776,92","2.769,13","","0,25%"
"28.01.2022","2.769,90","2.767,02","2.773,88","2.766,40","","0,10%"
"27.01.2022","2.767,02","2.772,94","2.776,56","2.764,93","","-0,21%"
"26.01.2022","2.772,94","2.792,61","2.792,61","2.764,97","","-0,70%"
"25.01.2022","2.792,61","2.799,78","2.805,86","2.789,06","","-0,26%"
"24.01.2022","2.799,78","2.810,27","2.813,72","2.797,56","","-0,37%"
"21.01.2022","2.810,25","2.804,56","2.811,54","2.804,56","","0,20%"
"20.01.2022","2.804,56","2.807,06","2.814,21","2.801,63","","-0,09%"
"19.01.2022","2.807,06","2.802,04","2.810,32","2.802,04","","0,18%"
"18.01.2022","2.802,02","2.795,86","2.803,10","2.795,86","","0,22%"
"17.01.2022","2.795,85","2.783,02","2.796,43","2.783,02","","0,47%"
"14.01.2022","2.782,90","2.764,60","2.783,15","2.764,60","","0,66%"
"13.01.2022","2.764,60","2.764,28","2.768,74","2.761,02","","0,01%"
"12.01.2022","2.764,28","2.754,41","2.765,12","2.754,41","","0,36%"
"11.01.2022","2.754,41","2.752,30","2.760,84","2.751,75","","0,08%"
"10.01.2022","2.752,14","2.759,57","2.762,06","2.750,40","","-0,27%"
"07.01.2022","2.759,57","2.757,35","2.764,27","2.757,19","","0,08%"
"06.01.2022","2.757,29","2.760,14","2.770,26","2.751,35","","-0,10%"
"05.01.2022","2.760,14","2.787,26","2.790,92","2.760,14","","-0,97%"
"04.01.2022","2.787,26","2.789,21","2.803,17","2.785,40","","-0,07%"
"03.01.2022","2.789,14","2.804,78","2.819,02","2.781,81","","-0,56%"
"30.12.2021","2.804,79","2.789,31","2.806,60","2.789,31","","0,55%"
"29.12.2021","2.789,32","2.768,02","2.793,26","2.768,02","","0,77%"
"28.12.2021","2.768,02","2.743,59","2.768,02","2.743,59","","0,89%"
"27.12.2021","2.743,68","2.724,70","2.743,80","2.724,70","","0,70%"
"23.12.2021","2.724,60","2.706,73","2.724,69","2.706,73","","0,66%"
"22.12.2021","2.706,64","2.703,24","2.708,85","2.700,58","","0,13%"
"21.12.2021","2.703,24","2.695,07","2.703,41","2.695,07","","0,30%"
"20.12.2021","2.695,05","2.694,73","2.699,47","2.692,74","","0,01%"
"17.12.2021","2.694,73","2.681,35","2.694,73","2.681,35","","0,50%"
"16.12.2021","2.681,35","2.676,06","2.686,76","2.676,06","","0,19%"
"15.12.2021","2.676,14","2.668,73","2.682,52","2.668,73","","0,28%"
"14.12.2021","2.668,73","2.673,92","2.687,04","2.666,00","","-0,19%"
"13.12.2021","2.673,92","2.674,12","2.683,39","2.672,35","","0,00%"
"10.12.2021","2.673,94","2.669,05","2.676,67","2.669,05","","0,18%"
"09.12.2021","2.669,06","2.673,32","2.675,35","2.665,38","","-0,16%"
"08.12.2021","2.673,21","2.660,89","2.674,54","2.660,89","","0,46%"
"07.12.2021","2.660,89","2.643,09","2.666,47","2.643,09","","0,67%"
"06.12.2021","2.643,10","2.610,67","2.645,09","2.610,67","","1,24%"
"03.12.2021","2.610,67","2.582,87","2.612,41","2.582,87","","1,08%"
"02.12.2021","2.582,87","2.581,48","2.591,39","2.581,48","","0,06%"
"01.12.2021","2.581,29","2.578,40","2.593,25","2.578,39","","0,11%"
"30.11.2021","2.578,40","2.563,69","2.580,12","2.563,69","","0,57%"
"29.11.2021","2.563,76","2.541,52","2.566,15","2.541,52","","0,88%"
"26.11.2021","2.541,52","2.545,98","2.545,98","2.534,87","","-0,18%"
"25.11.2021","2.545,98","2.546,88","2.553,00","2.544,67","","-0,03%"
"24.11.2021","2.546,87","2.563,61","2.568,06","2.545,94","","-0,65%"
"23.11.2021","2.563,61","2.581,45","2.586,30","2.563,11","","-0,69%"
"22.11.2021","2.581,43","2.594,13","2.596,13","2.581,43","","-0,49%"
"19.11.2021","2.594,13","2.591,03","2.596,47","2.589,93","","0,12%"
"18.11.2021","2.591,02","2.603,62","2.610,03","2.588,69","","-0,48%"
"17.11.2021","2.603,62","2.612,67","2.618,64","2.601,62","","-0,35%"
"16.11.2021","2.612,67","2.617,81","2.625,48","2.610,75","","-0,19%"
"12.11.2021","2.617,76","2.621,98","2.629,44","2.615,03","","-0,16%"
"11.11.2021","2.621,88","2.627,21","2.631,27","2.618,74","","-0,20%"
"10.11.2021","2.627,20","2.627,21","2.632,21","2.626,33","","0,00%"
"09.11.2021","2.627,19","2.640,47","2.644,57","2.626,34","","-0,50%"
"08.11.2021","2.640,44","2.654,89","2.659,29","2.640,39","","-0,54%"
"05.11.2021","2.654,89","2.655,40","2.663,25","2.652,75","","-0,02%"
"04.11.2021","2.655,40","2.664,97","2.669,14","2.654,58","","-0,36%"
"03.11.2021","2.664,97","2.673,23","2.675,92","2.663,09","","-0,31%"
"01.11.2021","2.673,23","2.675,71","2.685,98","2.669,13","","-0,09%"
"29.10.2021","2.675,68","2.673,92","2.679,95","2.670,30","","0,07%"
"28.10.2021","2.673,93","2.680,78","2.682,06","2.670,19","","-0,26%"
"27.10.2021","2.680,78","2.693,64","2.696,92","2.677,69","","-0,48%"
"26.10.2021","2.693,64","2.707,98","2.710,97","2.691,05","","-0,53%"
"25.10.2021","2.708,00","2.712,38","2.719,42","2.706,92","","-0,16%"
"22.10.2021","2.712,38","2.724,94","2.727,27","2.702,88","","-0,46%"
"21.10.2021","2.724,94","2.738,39","2.738,59","2.724,84","","-0,49%"
"20.10.2021","2.738,39","2.740,06","2.746,50","2.738,07","","-0,06%"
"19.10.2021","2.740,06","2.747,56","2.747,84","2.739,40","","-0,27%"
"18.10.2021","2.747,55","2.743,92","2.747,58","2.743,40","","0,13%"
"15.10.2021","2.743,93","2.732,67","2.744,36","2.732,67","","0,41%"
"14.10.2021","2.732,67","2.727,86","2.733,75","2.727,86","","0,18%"
"13.10.2021","2.727,86","2.727,11","2.732,24","2.725,76","","0,03%"
"11.10.2021","2.727,06","2.716,44","2.728,00","2.716,44","","0,39%"
"08.10.2021","2.716,47","2.710,86","2.717,57","2.710,86","","0,21%"
"07.10.2021","2.710,86","2.711,04","2.717,30","2.708,63","","-0,01%"
"06.10.2021","2.711,00","2.708,06","2.711,28","2.704,24","","0,11%"
"05.10.2021","2.707,94","2.707,58","2.714,10","2.707,03","","0,02%"
"04.10.2021","2.707,39","2.714,62","2.719,46","2.707,19","","-0,27%"
"01.10.2021","2.714,62","2.715,71","2.720,15","2.710,93","","-0,04%"
"30.09.2021","2.715,67","2.700,36","2.716,19","2.700,36","","0,57%"
"29.09.2021","2.700,36","2.700,32","2.708,14","2.698,88","","0,00%"
"28.09.2021","2.700,32","2.711,83","2.716,19","2.698,98","","-0,42%"
"27.09.2021","2.711,76","2.709,39","2.719,97","2.709,39","","0,09%"
"24.09.2021","2.709,40","2.705,38","2.712,66","2.705,38","","0,15%"
"23.09.2021","2.705,38","2.702,55","2.712,59","2.702,55","","0,11%"
"22.09.2021","2.702,50","2.699,38","2.711,95","2.699,38","","0,12%"
"21.09.2021","2.699,37","2.700,58","2.714,25","2.697,55","","-0,05%"
"20.09.2021","2.700,59","2.729,78","2.729,78","2.700,54","","-1,07%"
"17.09.2021","2.729,83","2.727,68","2.733,08","2.727,37","","0,08%"
"16.09.2021","2.727,68","2.730,92","2.735,39","2.727,68","","-0,12%"
"15.09.2021","2.730,93","2.728,31","2.738,36","2.728,10","","0,10%"
"14.09.2021","2.728,31","2.727,50","2.735,56","2.726,20","","0,03%"
"13.09.2021","2.727,50","2.727,90","2.738,11","2.726,24","","-0,02%"
"10.09.2021","2.727,91","2.720,21","2.733,88","2.720,21","","0,29%"
"09.09.2021","2.720,14","2.715,09","2.724,19","2.714,63","","0,19%"
"08.09.2021","2.715,09","2.732,95","2.737,44","2.713,51","","-0,65%"
"06.09.2021","2.732,95","2.733,25","2.735,91","2.731,11","","-0,01%"
"03.09.2021","2.733,24","2.745,39","2.749,14","2.732,59","","-0,44%"
"02.09.2021","2.745,42","2.750,74","2.753,72","2.739,61","","-0,19%"
"01.09.2021","2.750,74","2.749,84","2.757,34","2.740,63","","0,03%"
"31.08.2021","2.749,84","2.741,20","2.750,96","2.741,20","","0,32%"
"30.08.2021","2.741,19","2.731,21","2.742,82","2.730,99","","0,37%"
"27.08.2021","2.731,21","2.723,55","2.732,56","2.723,55","","0,28%"
"26.08.2021","2.723,55","2.721,03","2.728,90","2.720,85","","0,10%"
"25.08.2021","2.720,95","2.720,62","2.729,67","2.719,04","","0,01%"
"24.08.2021","2.720,60","2.719,43","2.730,40","2.719,25","","0,04%"
"23.08.2021","2.719,43","2.705,32","2.722,34","2.705,32","","0,52%"
"20.08.2021","2.705,34","2.690,67","2.705,78","2.690,26","","0,55%"
"19.08.2021","2.690,63","2.703,40","2.703,40","2.688,30","","-0,47%"
"18.08.2021","2.703,40","2.708,29","2.715,86","2.703,18","","-0,18%"
"17.08.2021","2.708,30","2.725,08","2.733,28","2.704,51","","-0,62%"
"16.08.2021","2.725,10","2.741,11","2.744,90","2.724,42","","-0,58%"
"13.08.2021","2.741,11","2.722,32","2.742,99","2.722,32","","0,69%"
"12.08.2021","2.722,32","2.739,90","2.740,63","2.721,58","","-0,64%"
"11.08.2021","2.739,91","2.755,60","2.761,72","2.738,71","","-0,57%"
"10.08.2021","2.755,49","2.769,52","2.774,65","2.755,49","","-0,51%"
"09.08.2021","2.769,53","2.778,46","2.781,11","2.765,99","","-0,32%"
"06.08.2021","2.778,56","2.781,01","2.786,76","2.778,36","","-0,09%"
"05.08.2021","2.781,02","2.792,55","2.796,71","2.781,02","","-0,42%"
"04.08.2021","2.792,66","2.800,61","2.807,95","2.792,40","","-0,28%"
"03.08.2021","2.800,61","2.812,84","2.817,24","2.800,61","","-0,43%"
"02.08.2021","2.812,66","2.824,18","2.830,74","2.812,66","","-0,41%"
"30.07.2021","2.824,12","2.819,28","2.824,90","2.819,28","","0,18%"
"29.07.2021","2.818,91","2.816,83","2.822,67","2.816,83","","0,07%"
"28.07.2021","2.816,91","2.817,52","2.823,84","2.815,24","","-0,02%"
"27.07.2021","2.817,51","2.825,50","2.830,79","2.816,63","","-0,28%"
"26.07.2021","2.825,37","2.828,23","2.836,86","2.825,37","","-0,10%"
"23.07.2021","2.828,23","2.834,31","2.840,96","2.828,22","","-0,21%"
"22.07.2021","2.834,13","2.837,73","2.842,76","2.831,73","","-0,13%"
"21.07.2021","2.837,73","2.839,64","2.845,65","2.836,00","","-0,07%"
"20.07.2021","2.839,66","2.836,20","2.843,32","2.836,20","","0,12%"
"19.07.2021","2.836,18","2.841,20","2.848,00","2.836,11","","-0,18%"
"16.07.2021","2.841,35","2.838,74","2.846,10","2.838,74","","0,09%"
"15.07.2021","2.838,73","2.830,77","2.843,75","2.830,77","","0,28%"
"14.07.2021","2.830,85","2.823,81","2.834,26","2.823,81","","0,25%"
"13.07.2021","2.823,81","2.797,86","2.825,46","2.797,86","","0,93%"
"12.07.2021","2.797,90","2.762,04","2.797,90","2.762,04","","1,30%"
"08.07.2021","2.762,03","2.762,35","2.765,63","2.756,14","","-0,01%"
"07.07.2021","2.762,35","2.761,48","2.768,44","2.761,48","","0,03%"
"06.07.2021","2.761,49","2.755,60","2.765,31","2.755,60","","0,21%"
"05.07.2021","2.755,59","2.760,17","2.765,16","2.753,07","","-0,17%"
"02.07.2021","2.760,17","2.754,18","2.764,36","2.754,18","","0,22%"
"01.07.2021","2.754,03","2.755,04","2.766,45","2.750,85","","-0,03%"
"30.06.2021","2.754,89","2.746,45","2.761,47","2.746,45","","0,32%"
"29.06.2021","2.746,10","2.705,86","2.746,13","2.705,86","","1,49%"
"28.06.2021","2.705,84","2.725,08","2.725,08","2.644,25","","-0,71%"
"25.06.2021","2.725,08","2.781,28","2.788,40","2.691,53","","-2,02%"
"24.06.2021","2.781,25","2.780,49","2.791,73","2.779,12","","0,03%"
"23.06.2021","2.780,49","2.797,72","2.802,50","2.780,49","","-0,61%"
"22.06.2021","2.797,57","2.811,15","2.814,55","2.797,27","","-0,48%"
"21.06.2021","2.811,17","2.813,30","2.815,71","2.809,14","","-0,08%"
"18.06.2021","2.813,31","2.812,86","2.817,49","2.809,98","","0,02%"
"17.06.2021","2.812,84","2.815,57","2.819,96","2.812,06","","-0,10%"
"16.06.2021","2.815,53","2.819,36","2.824,78","2.813,87","","-0,14%"
"15.06.2021","2.819,37","2.821,96","2.828,59","2.818,41","","-0,09%"
"14.06.2021","2.821,96","2.828,80","2.833,42","2.821,87","","-0,24%"
"11.06.2021","2.828,76","2.831,30","2.833,99","2.827,51","","-0,09%"
"10.06.2021","2.831,30","2.831,97","2.837,32","2.829,97","","-0,02%"
"09.06.2021","2.831,97","2.829,65","2.836,83","2.829,65","","0,08%"
"08.06.2021","2.829,65","2.827,54","2.833,92","2.827,54","","0,08%"
"07.06.2021","2.827,51","2.827,76","2.830,62","2.825,80","","-0,01%"
"04.06.2021","2.827,76","2.821,95","2.828,59","2.821,53","","0,21%"
"02.06.2021","2.821,95","2.811,56","2.823,06","2.811,56","","0,37%"
"01.06.2021","2.811,56","2.817,11","2.824,01","2.810,56","","-0,17%"
"31.05.2021","2.816,46","2.811,81","2.819,16","2.811,81","","0,17%"
"28.05.2021","2.811,62","2.792,68","2.813,20","2.792,68","","0,68%"
"27.05.2021","2.792,67","2.788,35","2.794,64","2.786,94","","0,15%"
"26.05.2021","2.788,35","2.799,18","2.804,87","2.786,67","","-0,39%"
"25.05.2021","2.799,18","2.802,85","2.806,64","2.798,16","","-0,13%"
"24.05.2021","2.802,82","2.804,04","2.806,71","2.799,43","","-0,04%"
"21.05.2021","2.804,05","2.806,46","2.814,06","2.803,00","","-0,09%"
"20.05.2021","2.806,47","2.801,33","2.809,55","2.801,33","","0,18%"
"19.05.2021","2.801,32","2.808,13","2.810,57","2.801,00","","-0,24%"
"18.05.2021","2.808,13","2.811,10","2.816,30","2.807,32","","-0,11%"
"17.05.2021","2.811,10","2.826,09","2.828,82","2.810,52","","-0,53%"
"14.05.2021","2.826,10","2.827,67","2.832,90","2.825,02","","-0,05%"
"13.05.2021","2.827,60","2.831,09","2.834,12","2.825,40","","-0,12%"
"12.05.2021","2.831,09","2.839,40","2.844,68","2.830,65","","-0,29%"
"11.05.2021","2.839,40","2.846,28","2.848,24","2.838,53","","-0,24%"
"10.05.2021","2.846,28","2.856,60","2.859,90","2.845,32","","-0,36%"
"07.05.2021","2.856,63","2.855,28","2.863,11","2.855,28","","0,05%"
"06.05.2021","2.855,28","2.855,12","2.862,10","2.855,12","","0,01%"
"05.05.2021","2.855,05","2.856,17","2.861,76","2.853,99","","-0,04%"
"04.05.2021","2.856,22","2.862,43","2.864,81","2.855,29","","-0,22%"
"03.05.2021","2.862,43","2.861,26","2.865,11","2.856,66","","0,04%"
"30.04.2021","2.861,15","2.849,01","2.862,52","2.849,01","","0,43%"
"29.04.2021","2.849,01","2.842,44","2.850,48","2.842,44","","0,23%"
"28.04.2021","2.842,39","2.845,31","2.849,74","2.841,36","","-0,10%"
"27.04.2021","2.845,36","2.844,61","2.850,75","2.843,91","","0,03%"
"26.04.2021","2.844,48","2.844,79","2.848,04","2.842,01","","-0,01%"
"23.04.2021","2.844,63","2.839,26","2.845,73","2.839,26","","0,19%"
"22.04.2021","2.839,26","2.841,92","2.844,91","2.839,00","","-0,09%"
"20.04.2021","2.841,92","2.840,80","2.845,40","2.839,96","","0,04%"
"19.04.2021","2.840,80","2.847,43","2.849,26","2.840,52","","-0,23%"
"16.04.2021","2.847,43","2.843,51","2.848,02","2.843,51","","0,14%"
"15.04.2021","2.843,51","2.840,53","2.846,53","2.840,02","","0,10%"
"14.04.2021","2.840,54","2.843,37","2.848,33","2.839,62","","-0,10%"
"13.04.2021","2.843,37","2.844,93","2.849,00","2.843,37","","-0,06%"
"12.04.2021","2.845,01","2.849,29","2.851,41","2.844,56","","-0,15%"
"09.04.2021","2.849,29","2.842,60","2.849,29","2.842,60","","0,24%"
"08.04.2021","2.842,59","2.843,18","2.851,77","2.841,16","","-0,02%"
"07.04.2021","2.843,30","2.843,74","2.849,88","2.843,30","","-0,02%"
"06.04.2021","2.843,98","2.847,71","2.855,50","2.842,15","","-0,13%"
"05.04.2021","2.847,64","2.850,01","2.856,18","2.847,51","","-0,08%"
"01.04.2021","2.850,01","2.846,77","2.853,57","2.845,05","","0,11%"
"31.03.2021","2.846,77","2.831,81","2.846,77","2.831,81","","0,53%"
"30.03.2021","2.831,81","2.818,90","2.832,51","2.818,90","","0,46%"
"29.03.2021","2.818,90","2.817,70","2.821,00","2.815,74","","0,04%"
"26.03.2021","2.817,70","2.813,80","2.820,17","2.813,80","","0,14%"
"25.03.2021","2.813,80","2.814,61","2.819,72","2.810,90","","-0,03%"
"24.03.2021","2.814,61","2.813,96","2.819,43","2.813,42","","0,02%"
"23.03.2021","2.813,96","2.815,54","2.820,43","2.813,61","","-0,06%"
"22.03.2021","2.815,54","2.819,14","2.819,86","2.814,04","","-0,13%"
"19.03.2021","2.819,14","2.808,71","2.825,70","2.808,71","","0,37%"
"18.03.2021","2.808,71","2.817,20","2.819,58","2.808,71","","-0,30%"
"17.03.2021","2.817,20","2.822,95","2.824,14","2.816,28","","-0,20%"
"16.03.2021","2.822,95","2.831,02","2.835,74","2.819,91","","-0,28%"
"15.03.2021","2.830,93","2.838,26","2.842,49","2.828,73","","-0,26%"
"12.03.2021","2.838,26","2.837,05","2.838,43","2.833,13","","0,04%"
"11.03.2021","2.837,05","2.833,63","2.842,10","2.833,63","","0,12%"
"10.03.2021","2.833,63","2.842,75","2.846,98","2.832,82","","-0,32%"
"09.03.2021","2.842,75","2.845,45","2.854,56","2.841,76","","-0,09%"
"08.03.2021","2.845,42","2.852,72","2.856,84","2.845,42","","-0,25%"
"05.03.2021","2.852,68","2.847,79","2.853,75","2.845,18","","0,18%"
"04.03.2021","2.847,69","2.848,76","2.854,65","2.845,70","","-0,04%"
"03.03.2021","2.848,75","2.858,83","2.865,30","2.843,38","","-0,35%"
"02.03.2021","2.858,81","2.877,20","2.881,76","2.853,14","","-0,64%"
"01.03.2021","2.877,22","2.886,67","2.891,76","2.875,45","","-0,32%"
"26.02.2021","2.886,53","2.893,80","2.899,90","2.883,81","","-0,25%"
"25.02.2021","2.893,80","2.892,00","2.900,23","2.892,00","","0,06%"
"24.02.2021","2.892,00","2.890,43","2.896,77","2.890,41","","0,05%"
"23.02.2021","2.890,43","2.874,92","2.892,01","2.874,92","","0,54%"
"22.02.2021","2.874,92","2.893,97","2.893,97","2.864,46","","-0,66%"
"19.02.2021","2.893,97","2.890,77","2.894,84","2.890,77","","0,11%"
"18.02.2021","2.890,77","2.895,40","2.899,22","2.889,05","","-0,16%"
"17.02.2021","2.895,40","2.897,16","2.900,31","2.894,42","","-0,06%"
"12.02.2021","2.897,24","2.893,98","2.899,02","2.893,98","","0,11%"
"11.02.2021","2.893,98","2.892,15","2.897,71","2.892,15","","0,06%"
"10.02.2021","2.892,16","2.892,10","2.894,67","2.890,76","","0,00%"
"09.02.2021","2.892,10","2.892,19","2.894,82","2.891,20","","0,00%"
"08.02.2021","2.892,19","2.894,78","2.896,05","2.892,05","","-0,09%"
"05.02.2021","2.894,79","2.883,22","2.894,83","2.883,22","","0,40%"
"04.02.2021","2.883,22","2.881,84","2.888,58","2.881,84","","0,05%"
"03.02.2021","2.881,84","2.880,69","2.885,12","2.880,69","","0,04%"
"02.02.2021","2.880,70","2.874,88","2.882,05","2.874,88","","0,20%"
"01.02.2021","2.874,91","2.879,45","2.882,77","2.871,83","","-0,16%"
"29.01.2021","2.879,45","2.872,16","2.880,69","2.872,16","","0,25%"
"28.01.2021","2.872,16","2.861,17","2.874,15","2.861,17","","0,38%"
"27.01.2021","2.861,18","2.861,84","2.864,73","2.859,76","","-0,02%"
"26.01.2021","2.861,74","2.862,97","2.864,80","2.858,37","","-0,04%"
"22.01.2021","2.862,97","2.870,34","2.870,98","2.860,60","","-0,27%"
"21.01.2021","2.870,60","2.870,21","2.876,58","2.867,04","","0,01%"
"20.01.2021","2.870,21","2.866,35","2.873,75","2.866,35","","0,14%"
"19.01.2021","2.866,30","2.860,12","2.867,45","2.860,12","","0,21%"
"18.01.2021","2.860,21","2.857,94","2.866,42","2.857,94","","0,08%"
"15.01.2021","2.857,94","2.855,02","2.860,26","2.854,39","","0,10%"
"14.01.2021","2.854,99","2.851,86","2.858,34","2.851,44","","0,11%"
"13.01.2021","2.851,86","2.855,32","2.862,44","2.851,01","","-0,13%"
"12.01.2021","2.855,47","2.863,76","2.868,81","2.855,11","","-0,29%"
"11.01.2021","2.863,80","2.867,40","2.870,71","2.861,80","","-0,13%"
"08.01.2021","2.867,40","2.863,51","2.870,90","2.863,51","","0,14%"
"07.01.2021","2.863,51","2.869,82","2.872,70","2.861,90","","-0,22%"
"06.01.2021","2.869,74","2.867,52","2.874,20","2.867,48","","0,08%"
"05.01.2021","2.867,53","2.867,50","2.874,05","2.867,50","","0,00%"
"04.01.2021","2.867,47","2.870,15","2.879,63","2.867,45","","-0,09%"